Source,Target,Action,Mediator,Immune_Process
B,B,Activate,BAFF,"[' Class switching', 'Antibody production', 'T independent B activation/IgA production']"
B,B,Activate,IL10,"['Class switching', 'Immunosuppression']"
B,B,Activate,IL6,"[' Antibody production', ' Fever', 'Acute phase response', 'Class switching']"
B,B,Activate,IgA,"[' Anti-EC bacteria', ' Antibody production', ' Antifungal', ' Barrier integrity', ' Microbiome tuning of immune response', ' Tolerance', 'T independent B activation/IgA production', 'nan']"
B,B,Activate,IgE,"[' Allergic Inflammation', ' Antibody production', ' Inflammation', ' Type 2', 'Antiparasitic', 'nan']"
B,B,Activate,IgM,"['Antibody production', 'nan']"
B,B,Inhibit,IgG,"[' Anti-EC bacteria', ' Antifungal', ' Type 1', ' Type 2', 'Antibody production', 'nan']"
B,B,Inhibit,LTa,"[' LN development', 'Cytotoxicity', 'nan']"
B,B,Survive,BAFF,"['Antibody production', 'Class switching']"
B,B,Survive,IL6,"[' Fever', 'Acute phase response', 'Antibody production']"
B,Basophil,Activate,IgE,"[' Allergic Inflammation', ' Antibody production', ' Antiparasitic', ' Inflammation', ' Type 2', 'Antiparasitic', 'Inflammation']"
B,DC,Activate,IgA,"[' Anti-EC bacteria', ' Antibody production', ' Antifungal', ' Barrier integrity', ' Microbiome tuning of immune response', ' Tolerance', 'Anti-inflammatory', 'T independent B activation/IgA production']"
B,DC,Activate,IgE,"[' Allergic Inflammation', ' Antibody production', ' Inflammation', ' Type 2', 'Allergic Inflammation', 'Antiparasitic']"
B,DC,Activate,IgG,"[' Anti-EC bacteria', ' Antifungal', ' Type 1', ' Type 2', 'Antibody production', 'nan']"
B,DC,Inhibit,IL10,"[' Immunosuppression', 'Chronic antigen stimulation', 'Immunosuppression']"
B,Eosinophil,Activate,IgA,"[' Anti-EC bacteria', ' Antibody production', ' Antifungal', ' Barrier integrity', ' Inflammation', ' Microbiome tuning of immune response', ' Tolerance', 'Antiparasitic', 'T independent B activation/IgA production']"
B,Eosinophil,Activate,IgE,"[' Allergic Inflammation', ' Antibody production', ' Inflammation', ' Type 2', 'Antiparasitic']"
B,Eosinophil,Activate,IgG,"[' Anti-EC bacteria', ' Antifungal', ' Inflammation', ' Type 1', ' Type 2', 'Antibody production', 'Antiparasitic']"
B,Eosinophil,Inhibit,IgG,"[' Anti-EC bacteria', ' Antifungal', ' Type 1', ' Type 2', 'Antibody production', 'nan']"
B,Fibroblast,Activate,IL6,"[' Fever', 'Acute phase response', 'nan']"
B,Fibroblast,Kill,LTa,"[' LN development', 'Cytotoxicity', 'nan']"
B,Macrophage,Activate,IL6,"[' Fever', 'Acute phase response', 'Antibacterial']"
B,Macrophage,Activate,IgA,"[' Anti-EC bacteria', ' Antibacterial', ' Antibody production', ' Antifungal', ' Barrier integrity', ' Microbiome tuning of immune response', ' Phagocytosis', ' Tolerance', 'Anti-EC bacteria', 'T independent B activation/IgA production']"
B,Macrophage,Activate,IgE,"[' Allergic Inflammation', ' Antibody production', ' Inflammation', ' Type 2', 'Antiparasitic', 'nan']"
B,Macrophage,Activate,IgG,"[' Anti-EC bacteria', ' Antibacterial', ' Antifungal', ' Type 1', ' Type 2', 'Antibody production', 'Phagocytosis']"
B,Macrophage,Activate,IgM,"['Antibody production', 'nan']"
B,Macrophage,Activate,LTa,"[' Anti-IC bacteria', ' Antiviral', ' LN development', 'Cytotoxicity', 'Type 1']"
B,Macrophage,Inhibit,IL10,"[' Anti-inflammatory', ' Immunosuppression', 'Chronic antigen stimulation', 'Immunosuppression']"
B,Macrophage,Inhibit,IgG,"[' Anti-EC bacteria', ' Antifungal', ' Type 1', ' Type 2', 'Antibody production', 'nan']"
B,Mast,Activate,IL10,"['Immunosuppression', 'nan']"
B,Mast,Activate,IgE,"[' Allergic Inflammation', ' Antibody production', ' Antiparasitic', ' Inflammation', ' Type 2', 'Allergic Inflammation', 'Antiparasitic']"
B,Mast,Activate,IgG,"[' Anti-EC bacteria', ' Antifungal', ' Type 1', ' Type 2', ' Vascular permeability increase', 'Antibody production', 'Inflammation']"
B,Mast,Inhibit,IgG,"[' Anti-EC bacteria', ' Antifungal', ' Type 1', ' Type 2', 'Antibody production', 'nan']"
B,NK,Activate,IgG,"[' Anti-EC bacteria', ' Antifungal', ' Antiviral', ' Cytotoxicity', ' Type 1', ' Type 2', 'ADCC', 'Antibody production']"
B,Neutrophil,Activate,IgA,"[' Anti-EC bacteria', ' Antibacterial', ' Antibody production', ' Antifungal', ' Barrier integrity', ' Microbiome tuning of immune response', ' Phagocytosis', ' Tolerance', 'Anti-EC bacteria', 'T independent B activation/IgA production']"
B,Neutrophil,Activate,IgE,"[' Allergic Inflammation', ' Antibody production', ' Inflammation', ' Type 2', 'Antiparasitic', 'nan']"
B,Neutrophil,Activate,IgG,"[' Anti-EC bacteria', ' Antibacterial', ' Antifungal', ' Type 1', ' Type 2', 'Antibody production', 'Phagocytosis']"
B,Neutrophil,Activate,LTa,"[' LN development', 'Cytotoxicity', 'nan']"
B,Neutrophil,Inhibit,IgG,"[' Anti-EC bacteria', ' Antifungal', ' Type 1', ' Type 2', 'Antibody production', 'nan']"
B,Platelet,Activate,IgG,"[' Anti-EC bacteria', ' Antifungal', ' Type 1', ' Type 2', 'Antibody production', 'nan']"
B,T_CD4,Inhibit,IL10,['Immunosuppression']
B,T_CD4,Inhibit,IL35,['Immunosuppression']
B,T_reg,Inhibit,IL6,"[' Fever', 'Acute phase response', 'nan']"
B,T_reg,Survive,IL10,"['Immunosuppression', 'Tolerance']"
B,Th17,Survive,IL6,"[' Fever', 'Acute phase response', 'nan']"
B,pDC,Activate,IL6,"[' Antigen presentation', ' Antiviral', ' Fever', 'Acute phase response', 'Antibacterial']"
BM Stromal,BM Stromal,Activate,OPGL,['nan']
BM Stromal,T_CD4,Survive,IL7,"['Hematopoiesis', 'nan']"
BM Stromal,T_CD4_memory,Survive,IL7,"['Hematopoiesis', 'nan']"
BM Stromal,T_CD8,Survive,IL7,"['Hematopoiesis', 'nan']"
BM Stromal,T_CD8_memory,Survive,IL7,"['Hematopoiesis', 'nan']"
Basophil,B,Activate,IL4,"[' Allergic Inflammation', ' Inflammation', ' Type 2', 'Antiparasitic', 'nan']"
Basophil,Basophil,Activate,IL13,"[' Antiparasitic', 'Inflammation', 'Type 2']"
Basophil,Basophil,Activate,IL4,"[' Allergic Inflammation', ' Inflammation', ' Type 2', 'Antiparasitic']"
Basophil,DC,Activate,Histamine,"[' Vascular permeability increase', 'Inflammation', 'nan']"
Basophil,DC,Activate,IL13,"[' Type 2', 'Antiparasitic', 'Inflammation']"
Basophil,Eosinophil,Activate,IL13,"[' Antiparasitic', 'Inflammation', 'Type 2']"
Basophil,Macrophage,Activate,IL13,"[' Antiparasitic', ' Tissue remodeling', 'Inflammation', 'Type 2']"
Basophil,Macrophage,Activate,IL4,"[' Allergic Inflammation', ' Antiparasitic', ' Inflammation', ' Tissue remodeling', ' Type 2', 'Antiparasitic', 'Type 2']"
Basophil,Macrophage,Inhibit,IL13,['Inflammation']
Basophil,Mast,Activate,IL4,"[' Allergic Inflammation', ' Inflammation', ' Type 2', 'Antiparasitic']"
Basophil,Somatic,Activate,Histamine,"[' Vascular permeability increase', 'Inflammation', 'Vascular permeability increase']"
Basophil,Th1,Activate,Histamine,"[' Vascular permeability increase', 'Inflammation', 'nan']"
Basophil,Th2,Activate,IL13,"['Inflammation', 'nan']"
Basophil,Th2,Activate,IL4,"[' Allergic Inflammation', ' Inflammation', ' Type 2', 'Antiparasitic', 'nan']"
DC,B,Activate,APRIL,"[' Class switching', 'Class switching', 'T independent B activation/IgA production']"
DC,B,Activate,BAFF,"[' Class switching', 'Class switching', 'T independent B activation/IgA production']"
DC,B,Activate,IL10,"[' Immunosuppression', ' Tolerance', 'Anti-inflammatory', 'Class switching']"
DC,B,Activate,IL4,['nan']
DC,B,Activate,IL6,"[' Antibody production', ' Fever', ' Microbiome tuning of immune response', ' Type 3', 'Acute phase response', 'Class switching']"
DC,B,Survive,APRIL,['Class switching']
DC,B,Survive,BAFF,['Class switching']
DC,B,Survive,IL6,"[' Antibody production', ' Fever', ' Microbiome tuning of immune response', ' Type 3', 'Acute phase response', 'Antibody production']"
DC,Basophil,Activate,IL4,"['Antiparasitic', 'nan']"
DC,DC,Activate,CCL19,"['Antigen presentation', 'LN development']"
DC,DC,Activate,CCL21,"['Antigen presentation', 'nan']"
DC,DC,Activate,IFNa,"[' Antigen presentation', 'Antiviral', 'nan']"
DC,DC,Activate,TNFa,"[' Fever', ' Inflammation', 'Acute phase response', 'Antigen presentation']"
DC,DC,Inhibit,IL10,"[' Immunosuppression', ' Tolerance', 'Anti-inflammatory', 'Chronic antigen stimulation']"
DC,DC,Inhibit,IL37,['nan']
DC,Eosinophil,Activate,TGFb,"['Tolerance', 'nan']"
DC,Fibroblast,Activate,IL6,"[' Antibody production', ' Fever', ' Microbiome tuning of immune response', ' Type 3', 'Acute phase response', 'nan']"
DC,Fibroblast,Activate,TNFa,"[' Fever', ' Inflammation', 'Acute phase response', 'nan']"
DC,IEL,Activate,IL1,"[' Type 3', 'Cytotoxicity', 'Microbiome tuning of immune response']"
DC,ILC1,Activate,IL12,"[' Anti-IC bacteria', ' Antibacterial', ' Antimicrobial', ' Cytotoxicity', ' Licensing', ' Type 1', 'Antiviral']"
DC,ILC1,Activate,IL18,"[' Anti-IC bacteria', ' Antibacterial', ' Licensing', ' Type 1', 'Antiviral']"
DC,ILC3,Activate,IL1,"[' Type 3', 'Microbiome tuning of immune response', 'nan']"
DC,ILC3,Activate,IL12,"[' Anti-IC bacteria', ' Antibacterial', ' Antimicrobial', ' Cytotoxicity', ' Licensing', ' Type 1', 'Antiviral', 'Inflammation']"
DC,ILC3,Activate,IL1b,"[' Anti-EC bacteria', ' Antifungal', ' Fever', ' Inflammation', 'Acute phase response', 'Type 3']"
DC,ILC3,Activate,IL23,"[' Anti-EC bacteria', ' Antibacterial', ' Antifungal', ' Microbiome tuning of immune response', 'Type 3']"
DC,LTi,Activate,IL23,"[' Anti-EC bacteria', ' Antibacterial', ' Antifungal', ' Microbiome tuning of immune response', 'Anti-EC bacteria', 'Type 3']"
DC,Macrophage,Activate,CXCL8,['Inflammation']
DC,Macrophage,Activate,IL1,"[' Inflammation', ' Type 3', 'Antibacterial', 'Microbiome tuning of immune response']"
DC,Macrophage,Activate,IL1b,"[' Fever', ' Inflammation', 'Acute phase response', 'nan']"
DC,Macrophage,Activate,IL4,"[' Antiparasitic', ' Tissue remodeling', 'Type 2', 'nan']"
DC,Macrophage,Activate,IL6,"[' Antibody production', ' Fever', ' Microbiome tuning of immune response', ' Type 3', 'Acute phase response', 'Antibacterial']"
DC,Macrophage,Activate,TNFa,"[' Anti-IC bacteria', ' Antiviral', ' Fever', ' Inflammation', 'Acute phase response', 'Type 1']"
DC,Macrophage,Inhibit,IL10,"[' Anti-inflammatory', ' Immunosuppression', ' Tolerance', 'Anti-inflammatory', 'Chronic antigen stimulation']"
DC,Macrophage,Inhibit,TGFb,"['Tolerance', 'nan']"
DC,Macrophage,Survive,TNFa,"[' Anti-IC bacteria', ' Fever', ' Inflammation', 'Acute phase response', 'Type 1']"
DC,Mast,Activate,IL10,"[' Immunosuppression', ' Tolerance', 'Anti-inflammatory', 'nan']"
DC,Mast,Activate,IL4,"['Antiparasitic', 'nan']"
DC,Monocyte,Activate,IFNa,"[' Antigen presentation', 'Antiviral', 'nan']"
DC,Monocyte,Inhibit,IL37,['nan']
DC,NK,Activate,IFNa,"[' Antigen presentation', ' Cytotoxicity', 'Antiviral']"
DC,NK,Activate,IL12,"[' Anti-IC bacteria', ' Antibacterial', ' Antimicrobial', ' Antiviral', ' Cytotoxicity', ' Licensing', ' Type 1', 'Antiviral', 'Cytotoxicity']"
DC,NK,Activate,IL18,"[' Anti-IC bacteria', ' Antibacterial', ' Licensing', ' Type 1', 'Antiviral', 'Type 1']"
DC,Neutrophil,Activate,CXCL8,"[' Antibacterial', ' Complement', 'Inflammation']"
DC,Neutrophil,Activate,IL1,"[' Type 3', 'Antibacterial', 'Microbiome tuning of immune response']"
DC,Neutrophil,Activate,IL18,"[' Anti-IC bacteria', ' Antibacterial', ' Licensing', ' Type 1', 'Antibacterial', 'Antiviral']"
DC,Neutrophil,Activate,TGFb,"['Tolerance', 'nan']"
DC,T_CD4,Inhibit,IL10,"[' Immunosuppression', ' Tolerance', 'Anti-inflammatory', 'Immunosuppression']"
DC,T_CD4,Inhibit,IL27,"['Immunosuppression', 'nan']"
DC,T_CD4,Inhibit,TGFb,"['Immunosuppression', 'Tolerance']"
DC,T_CD4_memory,Activate,IL23,"[' Anti-EC bacteria', ' Antibacterial', ' Antifungal', ' Microbiome tuning of immune response', 'Type 3', 'nan']"
DC,T_CD8,Activate,IL12,"[' Anti-IC bacteria', ' Antibacterial', ' Antimicrobial', ' Antiviral', ' Cytotoxicity', ' Licensing', ' Type 1', 'Antiviral', 'Licensing']"
DC,T_CD8,Activate,IL18,"[' Anti-IC bacteria', ' Antibacterial', ' Antiviral', ' Licensing', ' Type 1', 'Antiviral', 'Licensing']"
DC,T_CD8_memory,Activate,TGFb,"['Tolerance', 'nan']"
DC,T_reg,Activate,TGFb,"['Immunosuppression', 'Tolerance']"
DC,T_reg,Inhibit,IL1,"[' Type 3', 'Microbiome tuning of immune response', 'nan']"
DC,T_reg,Inhibit,IL6,"[' Antibody production', ' Fever', ' Microbiome tuning of immune response', ' Type 3', 'Acute phase response', 'nan']"
DC,T_reg,Survive,IL10,"[' Immunosuppression', ' Tolerance', 'Anti-inflammatory', 'Tolerance']"
DC,Th1,Activate,IL12,"[' Anti-IC bacteria', ' Antibacterial', ' Antimicrobial', ' Cytotoxicity', ' Inflammation', ' Licensing', ' Type 1', 'Antiviral', 'Type 1']"
DC,Th1,Activate,IL18,"[' Anti-IC bacteria', ' Antibacterial', ' Licensing', ' Type 1', 'Antiviral', 'nan']"
DC,Th1,Activate,IL23,"[' Anti-EC bacteria', ' Antibacterial', ' Antifungal', ' Inflammation', ' Microbiome tuning of immune response', 'Antimicrobial', 'Type 3']"
DC,Th1,Inhibit,TGFb,"['Immunosuppression', 'Tolerance']"
DC,Th17,Activate,IL1,"[' Type 3', 'Microbiome tuning of immune response', 'nan']"
DC,Th17,Activate,IL23,"[' Anti-EC bacteria', ' Antibacterial', ' Antifungal', ' Microbiome tuning of immune response', 'Type 3']"
DC,Th17,Survive,IL1,"[' Type 3', 'Microbiome tuning of immune response', 'nan']"
DC,Th17,Survive,IL23,"[' Anti-EC bacteria', ' Antibacterial', ' Antifungal', ' Microbiome tuning of immune response', 'Type 3', 'nan']"
DC,Th17,Survive,IL6,"[' Antibody production', ' Fever', ' Microbiome tuning of immune response', ' Type 3', 'Acute phase response', 'nan']"
DC,Th2,Activate,IL4,['nan']
DC,Th2,Inhibit,TGFb,"['Immunosuppression', 'Tolerance']"
DC,pDC,Activate,IFNa,"[' Antigen presentation', ' Antiviral', 'Antibacterial', 'Antiviral']"
DC,pDC,Activate,IL12,"[' Anti-IC bacteria', ' Antibacterial', ' Antigen presentation', ' Antimicrobial', ' Antiviral', ' Cytotoxicity', ' Licensing', ' Type 1', 'Antibacterial', 'Antiviral']"
DC,pDC,Activate,IL18,"[' Anti-IC bacteria', ' Antibacterial', ' Antigen presentation', ' Antiviral', ' Licensing', ' Type 1', 'Antibacterial', 'Antiviral']"
DC,pDC,Activate,IL6,"[' Antibody production', ' Antigen presentation', ' Antiviral', ' Fever', ' Microbiome tuning of immune response', ' Type 3', 'Acute phase response', 'Antibacterial']"
Eosinophil,B,Activate,APRIL,"[' Class switching', ' Tolerance', 'T independent B activation/IgA production']"
Eosinophil,B,Activate,IL4,"[' Type 2', 'Antiparasitic', 'nan']"
Eosinophil,B,Activate,IL5,"['Class switching', 'nan']"
Eosinophil,B,Activate,IL6,"[' Antibody production', ' Class switching', ' Tolerance', 'Class switching', 'T independent B activation/IgA production']"
Eosinophil,B,Survive,APRIL,"[' Class switching', ' Tolerance', 'Class switching', 'T independent B activation/IgA production']"
Eosinophil,B,Survive,IL6,"[' Class switching', ' Tolerance', 'Antibody production', 'T independent B activation/IgA production']"
Eosinophil,Basophil,Activate,GMCSF,"['Inflammation', 'nan']"
Eosinophil,Basophil,Activate,IL3,"['Inflammation', 'nan']"
Eosinophil,Basophil,Activate,IL4,"[' Type 2', 'Antiparasitic']"
Eosinophil,Basophil,Activate,IL5,"[' Antiparasitic', ' Inflammation', 'Type 2', 'nan']"
Eosinophil,Basophil,Activate,Major basic protein,"[' Inflammation', ' Type 2', 'Antiparasitic', 'Inflammation']"
Eosinophil,Eosinophil,Activate,GMCSF,"[' Inflammation', 'Allergic Inflammation', 'nan']"
Eosinophil,Eosinophil,Activate,IL3,"[' Inflammation', 'Allergic Inflammation', 'nan']"
Eosinophil,Eosinophil,Activate,IL5,"[' Antiparasitic', ' Inflammation', ' Type 2', 'Allergic Inflammation', 'nan']"
Eosinophil,Eosinophil,Activate,Platelet-Activating Factor,"[' Barrier immunity', 'Vascular permeability increase', 'nan']"
Eosinophil,Eosinophil,Activate,TGFa,['nan']
Eosinophil,Eosinophil,Activate,TGFb,"[' Class switching', ' Tolerance', 'T independent B activation/IgA production', 'nan']"
Eosinophil,Fibroblast,Activate,IL6,"[' Class switching', ' Tolerance', 'T independent B activation/IgA production', 'nan']"
Eosinophil,Hematopoietic,Activate,IL3,['nan']
Eosinophil,ILC3,Activate,Kynurenine,"['Allergic Inflammation', 'nan']"
Eosinophil,Macrophage,Activate,CXCL8,['Inflammation']
Eosinophil,Macrophage,Activate,IL4,"[' Antiparasitic', ' Tissue remodeling', ' Type 2', 'Antiparasitic', 'Type 2']"
Eosinophil,Macrophage,Activate,IL6,"[' Class switching', ' Tolerance', 'Antibacterial', 'T independent B activation/IgA production']"
Eosinophil,Macrophage,Inhibit,TGFb,"[' Class switching', ' Tolerance', 'T independent B activation/IgA production', 'nan']"
Eosinophil,Mast,Activate,Eosinophil peroxidase,"['Inflammation', 'nan']"
Eosinophil,Mast,Activate,GMCSF,"['Inflammation', 'nan']"
Eosinophil,Mast,Activate,IL3,"[' Inflammation', 'Antiparasitic', 'nan']"
Eosinophil,Mast,Activate,IL4,"[' Type 2', 'Antiparasitic']"
Eosinophil,Mast,Activate,IL5,"['Inflammation', 'nan']"
Eosinophil,Mast,Activate,Major basic protein,"[' Inflammation', ' Type 2', 'Antiparasitic', 'Inflammation']"
Eosinophil,Neutrophil,Activate,CXCL8,"[' Antibacterial', ' Complement', 'Inflammation']"
Eosinophil,Neutrophil,Activate,Platelet-Activating Factor,"[' Barrier immunity', 'Vascular permeability increase', 'nan']"
Eosinophil,Neutrophil,Activate,TGFb,"[' Class switching', ' Tolerance', 'T independent B activation/IgA production', 'nan']"
Eosinophil,Platelet,Activate,Platelet-Activating Factor,"[' Barrier immunity', 'Vascular permeability increase', 'nan']"
Eosinophil,T_CD4,Inhibit,TGFb,"[' Class switching', ' Tolerance', 'Immunosuppression', 'T independent B activation/IgA production']"
Eosinophil,T_CD8_memory,Activate,TGFb,"[' Class switching', ' Tolerance', 'T independent B activation/IgA production', 'nan']"
Eosinophil,T_reg,Activate,TGFb,"[' Class switching', ' Tolerance', 'Immunosuppression', 'T independent B activation/IgA production']"
Eosinophil,T_reg,Inhibit,IL6,"[' Class switching', ' Tolerance', 'T independent B activation/IgA production', 'nan']"
Eosinophil,Th1,Inhibit,TGFb,"[' Class switching', ' Tolerance', 'Immunosuppression', 'T independent B activation/IgA production']"
Eosinophil,Th1,Kill,Kynurenine,['Allergic Inflammation']
Eosinophil,Th17,Survive,IL6,"[' Class switching', ' Tolerance', 'T independent B activation/IgA production', 'nan']"
Eosinophil,Th2,Activate,IL4,"[' Type 2', 'Antiparasitic', 'nan']"
Eosinophil,Th2,Inhibit,TGFb,"[' Class switching', ' Tolerance', 'Immunosuppression', 'T independent B activation/IgA production']"
Eosinophil,pDC,Activate,IL6,"[' Antigen presentation', ' Antiviral', ' Class switching', ' Tolerance', 'Antibacterial', 'T independent B activation/IgA production']"
FDC,B,Activate,BAFF,"[' Class switching', 'T independent B activation/IgA production', 'nan']"
FDC,B,Survive,BAFF,"['Class switching', 'nan']"
Fibroblast,BM Stromal,Activate,OPGL,['nan']
Fibroblast,Basophil,Activate,CCL2,"[' Type 2', 'Inflammation', 'nan']"
Fibroblast,Fibroblast,Activate,CXCL1,"[' Angiogenesis', ' Fibroplasia', 'Inflammation']"
Fibroblast,Fibroblast,Activate,CXCL2,"[' Angiogenesis', ' Fibroplasia', 'Inflammation']"
Fibroblast,Fibroblast,Activate,CXCL3,"[' Angiogenesis', ' Fibroplasia', 'Inflammation']"
Fibroblast,Hematopoietic,Activate,IL11,['Hematopoiesis']
Fibroblast,Macrophage,Activate,CCL2,"[' Type 2', 'Inflammation', 'nan']"
Fibroblast,Macrophage,Activate,CCL3,"[' Type 1', 'Antiviral', 'nan']"
Fibroblast,Macrophage,Activate,CXCL8,"[' Angiogenesis', 'Inflammation']"
Fibroblast,Monocyte,Activate,CCL2,"[' Type 2', 'Inflammation']"
Fibroblast,NK,Activate,IFNb,"[' Antigen presentation', ' Cytotoxicity', 'Antiviral']"
Fibroblast,Neutrophil,Activate,CXCL1,"[' Angiogenesis', ' Fibroplasia', 'Inflammation']"
Fibroblast,Neutrophil,Activate,CXCL2,"[' Angiogenesis', ' Fibroplasia', 'Inflammation']"
Fibroblast,Neutrophil,Activate,CXCL3,"[' Angiogenesis', ' Fibroplasia', 'Inflammation']"
Fibroblast,Neutrophil,Activate,CXCL8,"[' Angiogenesis', ' Antibacterial', ' Complement', 'Inflammation']"
Fibroblast,pDC,Activate,IFNb,"[' Antigen presentation', ' Antiviral', 'Antibacterial', 'Antiviral']"
IEL,DC,Activate,IFNg,"['Antigen presentation', 'Antiviral']"
IEL,Eosinophil,Activate,TGFb,"['Inflammation', 'nan']"
IEL,Macrophage,Activate,IFNg,"[' Anti-IC bacteria', ' Antigen presentation', ' Antiparasitic', ' Antiviral', ' Inflammation', ' Licensing', ' Type 1', 'Antibacterial', 'Antiviral']"
IEL,Macrophage,Inhibit,TGFb,"['Inflammation', 'nan']"
IEL,NK,Activate,IFNg,"['Antiviral', 'nan']"
IEL,Neutrophil,Activate,TGFb,"['Inflammation', 'nan']"
IEL,T_CD4,Inhibit,TGFb,"['Immunosuppression', 'Inflammation']"
IEL,T_CD8_memory,Activate,TGFb,"['Inflammation', 'nan']"
IEL,T_reg,Activate,IFNg,"['Antiviral', 'Immunosuppression']"
IEL,T_reg,Activate,TGFb,"['Immunosuppression', 'Inflammation']"
IEL,Th1,Inhibit,TGFb,"['Immunosuppression', 'Inflammation']"
IEL,Th2,Inhibit,IFNg,"['Antiviral', 'nan']"
IEL,Th2,Inhibit,TGFb,"['Immunosuppression', 'Inflammation']"
ILC1,DC,Activate,IFNg,"[' Anti-IC bacteria', ' Antibacterial', ' Antigen presentation', ' Antiviral', ' Class switching', ' Type 1', 'Antigen presentation', 'Type 1']"
ILC1,Macrophage,Activate,IFNg,"[' Anti-IC bacteria', ' Antibacterial', ' Antigen presentation', ' Antiparasitic', ' Antiviral', ' Class switching', ' Inflammation', ' Licensing', ' Type 1', 'Antibacterial', 'Type 1']"
ILC1,NK,Activate,IFNg,"[' Anti-IC bacteria', ' Antibacterial', ' Antigen presentation', ' Antiviral', ' Class switching', ' Type 1', 'Type 1', 'nan']"
ILC1,T_reg,Activate,IFNg,"[' Anti-IC bacteria', ' Antibacterial', ' Antigen presentation', ' Antiviral', ' Class switching', ' Type 1', 'Immunosuppression', 'Type 1']"
ILC1,Th2,Inhibit,IFNg,"[' Anti-IC bacteria', ' Antibacterial', ' Antigen presentation', ' Antiviral', ' Class switching', ' Type 1', 'Type 1', 'nan']"
ILC2,B,Activate,IL4,"[' Antibody production', ' Antiparasitic', ' Barrier immunity', ' Class switching', 'Type 2', 'nan']"
ILC2,B,Activate,IL5,"[' Allergic Inflammation', ' Antiparasitic', ' Barrier immunity', 'Class switching', 'Type 2']"
ILC2,Basophil,Activate,IL13,"[' Allergic Inflammation', ' Anti-inflammatory', ' Antibody production', ' Antiparasitic', ' Barrier immunity', ' Barrier integrity', 'Type 2']"
ILC2,Basophil,Activate,IL4,"[' Antibody production', ' Antiparasitic', ' Barrier immunity', ' Class switching', 'Antiparasitic', 'Type 2']"
ILC2,Basophil,Activate,IL5,"[' Allergic Inflammation', ' Antiparasitic', ' Barrier immunity', ' Inflammation', 'Type 2']"
ILC2,DC,Activate,IL13,"[' Allergic Inflammation', ' Anti-inflammatory', ' Antibody production', ' Antiparasitic', ' Barrier immunity', ' Barrier integrity', ' Type 2', 'Antiparasitic', 'Type 2']"
ILC2,Eosinophil,Activate,IL13,"[' Allergic Inflammation', ' Anti-inflammatory', ' Antibody production', ' Antiparasitic', ' Barrier immunity', ' Barrier integrity', 'Type 2']"
ILC2,Eosinophil,Activate,IL5,"[' Allergic Inflammation', ' Antiparasitic', ' Barrier immunity', ' Inflammation', ' Type 2', 'Allergic Inflammation', 'Type 2']"
ILC2,Fibroblast,Activate,IL17A,"[' Antifungal', ' Inflammation', 'Anti-EC bacteria']"
ILC2,ILC2,Activate,IL9,['Type 2']
ILC2,Macrophage,Activate,IL13,"[' Allergic Inflammation', ' Anti-inflammatory', ' Antibody production', ' Antiparasitic', ' Barrier immunity', ' Barrier integrity', ' Tissue remodeling', 'Type 2']"
ILC2,Macrophage,Activate,IL4,"[' Antibody production', ' Antiparasitic', ' Barrier immunity', ' Class switching', ' Tissue remodeling', 'Type 2']"
ILC2,Macrophage,Inhibit,IL13,"[' Allergic Inflammation', ' Anti-inflammatory', ' Antibody production', ' Antiparasitic', ' Barrier immunity', ' Barrier integrity', 'Inflammation', 'Type 2']"
ILC2,Mast,Activate,IL4,"[' Antibody production', ' Antiparasitic', ' Barrier immunity', ' Class switching', 'Antiparasitic', 'Type 2']"
ILC2,Mast,Activate,IL5,"[' Allergic Inflammation', ' Antiparasitic', ' Barrier immunity', 'Inflammation', 'Type 2']"
ILC2,Mast,Activate,IL9,"['Antiparasitic', 'Type 2']"
ILC2,Somatic,Activate,IL17A,"[' Anti-EC bacteria', ' Antifungal', ' Inflammation', 'Anti-EC bacteria', 'Type 3']"
ILC2,Th2,Activate,IL13,"[' Allergic Inflammation', ' Anti-inflammatory', ' Antibody production', ' Antiparasitic', ' Barrier immunity', ' Barrier integrity', 'Type 2', 'nan']"
ILC2,Th2,Activate,IL4,"[' Antibody production', ' Antiparasitic', ' Barrier immunity', ' Class switching', 'Type 2', 'nan']"
ILC2,Th2,Activate,IL9,['Type 2']
ILC3,DC,Activate,IFNg,"['Antigen presentation', 'Inflammation']"
ILC3,Fibroblast,Activate,IL17A,"[' Antifungal', ' Antimicrobial', ' Inflammation', ' Type 3', 'Anti-EC bacteria']"
ILC3,Fibroblast,Activate,IL17F,['Inflammation']
ILC3,Macrophage,Activate,IFNg,"[' Anti-IC bacteria', ' Antigen presentation', ' Antiparasitic', ' Antiviral', ' Inflammation', ' Licensing', ' Type 1', 'Antibacterial', 'Inflammation']"
ILC3,NK,Activate,IFNg,"['Inflammation', 'nan']"
ILC3,Somatic,Activate,IL17A,"[' Anti-EC bacteria', ' Antifungal', ' Antimicrobial', ' Inflammation', ' Type 3', 'Anti-EC bacteria', 'Type 3']"
ILC3,T_reg,Activate,IFNg,"['Immunosuppression', 'Inflammation']"
ILC3,Th2,Inhibit,IFNg,"['Inflammation', 'nan']"
LTi,Fibroblast,Activate,IL17A,"[' Antifungal', ' Inflammation', 'Anti-EC bacteria']"
LTi,Somatic,Activate,IL17A,"[' Anti-EC bacteria', ' Antifungal', ' Inflammation', 'Anti-EC bacteria', 'Type 3']"
Macrophage,B,Activate,APRIL,"[' Class switching', 'Class switching', 'T independent B activation/IgA production']"
Macrophage,B,Activate,BAFF,"[' Class switching', 'Class switching', 'T independent B activation/IgA production']"
Macrophage,B,Activate,IL10,"[' Immunosuppression', 'Class switching', 'Tolerance']"
Macrophage,B,Activate,IL6,"[' Antibacterial', ' Antibody production', ' Fever', 'Acute phase response', 'Class switching']"
Macrophage,B,Survive,APRIL,['Class switching']
Macrophage,B,Survive,BAFF,['Class switching']
Macrophage,B,Survive,IL6,"[' Antibacterial', ' Antibody production', ' Fever', 'Acute phase response', 'Antibody production']"
Macrophage,Basophil,Activate,CCL2,"[' Type 2', 'Inflammation', 'nan']"
Macrophage,Basophil,Activate,GMCSF,"['Hematopoiesis', 'Inflammation']"
Macrophage,DC,Activate,TNFa,"[' Acute phase response', ' Anti-IC bacteria', ' Antibacterial', ' Antimicrobial', ' Antiviral', ' Fever', ' Type 1', 'Antigen presentation', 'Inflammation']"
Macrophage,DC,Inhibit,IL10,"[' Immunosuppression', 'Chronic antigen stimulation', 'Tolerance']"
Macrophage,Eosinophil,Activate,GMCSF,"[' Inflammation', 'Allergic Inflammation', 'Hematopoiesis']"
Macrophage,Eosinophil,Activate,Platelet-Activating Factor,"['Inflammation', 'nan']"
Macrophage,Fibroblast,Activate,IL17A,"[' Antifungal', ' Inflammation', 'Anti-EC bacteria', 'nan']"
Macrophage,Fibroblast,Activate,IL6,"[' Antibacterial', ' Antibody production', ' Fever', 'Acute phase response', 'nan']"
Macrophage,Fibroblast,Activate,TNFa,"[' Acute phase response', ' Anti-IC bacteria', ' Antibacterial', ' Antimicrobial', ' Antiviral', ' Fever', ' Type 1', 'Inflammation', 'nan']"
Macrophage,IEL,Activate,IL1,"[' Inflammation', 'Antibacterial', 'Cytotoxicity']"
Macrophage,ILC1,Activate,IL12,"[' Anti-IC bacteria', ' Antibacterial', ' Cytotoxicity', ' Type 1', 'Antiviral']"
Macrophage,ILC1,Activate,IL18,"[' Anti-IC bacteria', ' Antiviral', ' Type 1', 'Antibacterial', 'Antiviral']"
Macrophage,ILC3,Activate,IL1,"[' Inflammation', 'Antibacterial', 'nan']"
Macrophage,ILC3,Activate,IL12,"[' Anti-IC bacteria', ' Antibacterial', ' Cytotoxicity', ' Type 1', 'Antiviral', 'Inflammation']"
Macrophage,ILC3,Activate,IL1b,"[' Anti-EC bacteria', ' Antifungal', ' Fever', ' Inflammation', 'Acute phase response', 'Type 3']"
Macrophage,ILC3,Activate,IL23,"[' Anti-EC bacteria', ' Antibacterial', ' Antifungal', 'Type 3', 'nan']"
Macrophage,LTi,Activate,IL23,"[' Antifungal', 'Anti-EC bacteria', 'nan']"
Macrophage,Macrophage,Activate,CCL2,"[' Type 2', 'Inflammation', 'nan']"
Macrophage,Macrophage,Activate,CCL4,"['Antiviral', 'nan']"
Macrophage,Macrophage,Activate,CXCL8,"[' Angiogenesis', ' Inflammation', 'Antibacterial', 'Inflammation']"
Macrophage,Macrophage,Activate,IL1,"[' Inflammation', 'Antibacterial']"
Macrophage,Macrophage,Activate,IL1a,"['Fever', 'nan']"
Macrophage,Macrophage,Activate,IL1b,"[' Fever', ' Inflammation', 'Acute phase response', 'nan']"
Macrophage,Macrophage,Activate,IL6,"[' Antibacterial', ' Antibody production', ' Fever', 'Acute phase response', 'Antibacterial']"
Macrophage,Macrophage,Activate,TNFa,"[' Acute phase response', ' Anti-IC bacteria', ' Antibacterial', ' Antimicrobial', ' Antiviral', ' Fever', ' Inflammation', ' Type 1', 'Inflammation', 'Type 1']"
Macrophage,Macrophage,Inhibit,IL10,"[' Anti-inflammatory', ' Immunosuppression', 'Chronic antigen stimulation', 'Tolerance']"
Macrophage,Macrophage,Survive,TNFa,"[' Acute phase response', ' Anti-IC bacteria', ' Antibacterial', ' Antimicrobial', ' Antiviral', ' Fever', ' Type 1', 'Inflammation', 'Type 1']"
Macrophage,Mast,Activate,GMCSF,"['Hematopoiesis', 'Inflammation']"
Macrophage,Mast,Activate,IL10,"[' Immunosuppression', 'Tolerance', 'nan']"
Macrophage,Monocyte,Activate,CCL2,"[' Type 2', 'Inflammation']"
Macrophage,NK,Activate,IL12,"[' Anti-IC bacteria', ' Antibacterial', ' Antiviral', ' Cytotoxicity', ' Type 1', 'Antiviral', 'Cytotoxicity']"
Macrophage,NK,Activate,IL18,"[' Anti-IC bacteria', ' Antiviral', ' Type 1', 'Antibacterial', 'Type 1']"
Macrophage,Neutrophil,Activate,CXCL8,"[' Angiogenesis', ' Antibacterial', ' Complement', ' Inflammation', 'Antibacterial', 'Inflammation']"
Macrophage,Neutrophil,Activate,IL1,"[' Inflammation', 'Antibacterial']"
Macrophage,Neutrophil,Activate,IL18,"[' Anti-IC bacteria', ' Antiviral', ' Type 1', 'Antibacterial']"
Macrophage,Neutrophil,Activate,Platelet-Activating Factor,"['Inflammation', 'nan']"
Macrophage,Platelet,Activate,Platelet-Activating Factor,"['Inflammation', 'nan']"
Macrophage,Somatic,Activate,IL17A,"[' Anti-EC bacteria', ' Antifungal', ' Inflammation', 'Type 3', 'nan']"
Macrophage,T_CD4,Inhibit,IL10,"[' Immunosuppression', 'Immunosuppression', 'Tolerance']"
Macrophage,T_CD4,Inhibit,IL27,"['Immunosuppression', 'nan']"
Macrophage,T_CD4_memory,Activate,IL23,['nan']
Macrophage,T_CD8,Activate,IL12,"[' Anti-IC bacteria', ' Antibacterial', ' Antiviral', ' Cytotoxicity', ' Type 1', 'Antiviral', 'Licensing']"
Macrophage,T_CD8,Activate,IL18,"[' Anti-IC bacteria', ' Antibacterial', ' Antiviral', ' Type 1', 'Antibacterial', 'Licensing']"
Macrophage,T_reg,Inhibit,IL1,"[' Inflammation', 'Antibacterial', 'nan']"
Macrophage,T_reg,Inhibit,IL6,"[' Antibacterial', ' Antibody production', ' Fever', 'Acute phase response', 'nan']"
Macrophage,T_reg,Survive,IL10,"[' Immunosuppression', 'Tolerance']"
Macrophage,Th1,Activate,IL12,"[' Anti-IC bacteria', ' Antibacterial', ' Antimicrobial', ' Cytotoxicity', ' Inflammation', ' Type 1', 'Antiviral', 'Type 1']"
Macrophage,Th1,Activate,IL18,"[' Anti-IC bacteria', ' Antiviral', ' Type 1', 'Antibacterial', 'nan']"
Macrophage,Th1,Activate,IL23,"[' Inflammation', 'Antimicrobial', 'nan']"
Macrophage,Th17,Activate,IL1,"[' Inflammation', 'Antibacterial', 'nan']"
Macrophage,Th17,Activate,IL23,"['Type 3', 'nan']"
Macrophage,Th17,Survive,IL1,"[' Inflammation', 'Antibacterial', 'nan']"
Macrophage,Th17,Survive,IL23,['nan']
Macrophage,Th17,Survive,IL6,"[' Antibacterial', ' Antibody production', ' Fever', 'Acute phase response', 'nan']"
Macrophage,pDC,Activate,IL12,"[' Anti-IC bacteria', ' Antibacterial', ' Antigen presentation', ' Antiviral', ' Cytotoxicity', ' Type 1', 'Antibacterial', 'Antiviral']"
Macrophage,pDC,Activate,IL18,"[' Anti-IC bacteria', ' Antigen presentation', ' Antiviral', ' Type 1', 'Antibacterial']"
Macrophage,pDC,Activate,IL6,"[' Antibacterial', ' Antibody production', ' Antigen presentation', ' Antiviral', ' Fever', 'Acute phase response', 'Antibacterial']"
Mast,B,Activate,CD40L,"[' Class switching', 'Antibody production', 'nan']"
Mast,B,Activate,IL10,"['Class switching', 'Immunosuppression']"
Mast,B,Activate,IL4,"[' Allergic Inflammation', ' Antibody production', ' Class switching', ' Inflammation', ' Type 2', 'Antiparasitic', 'nan']"
Mast,B,Activate,IL5,"['Class switching', 'Type 2']"
Mast,Basophil,Activate,GMCSF,"['Inflammation', 'nan']"
Mast,Basophil,Activate,IL13,"[' Antiparasitic', 'Type 2']"
Mast,Basophil,Activate,IL3,"['Inflammation', 'nan']"
Mast,Basophil,Activate,IL4,"[' Allergic Inflammation', ' Antibody production', ' Class switching', ' Inflammation', ' Type 2', 'Antiparasitic']"
Mast,Basophil,Activate,IL5,"[' Antiparasitic', ' Inflammation', 'Type 2']"
Mast,DC,Activate,Histamine,"[' Allergic Inflammation', ' Antiparasitic', ' Barrier immunity', ' Type 2', ' Vascular permeability increase', 'Inflammation', 'nan']"
Mast,DC,Activate,IL13,"[' Type 2', 'Antiparasitic', 'Type 2']"
Mast,DC,Activate,TNFa,"[' Antiparasitic', ' Type 2', 'Antigen presentation', 'Inflammation']"
Mast,DC,Inhibit,IL10,"[' Immunosuppression', 'Chronic antigen stimulation', 'Immunosuppression']"
Mast,Eosinophil,Activate,GMCSF,"[' Inflammation', 'Allergic Inflammation', 'nan']"
Mast,Eosinophil,Activate,IL13,"[' Antiparasitic', 'Type 2']"
Mast,Eosinophil,Activate,IL3,"[' Inflammation', 'Allergic Inflammation', 'nan']"
Mast,Eosinophil,Activate,IL5,"[' Antiparasitic', ' Inflammation', ' Type 2', 'Allergic Inflammation', 'Type 2']"
Mast,Eosinophil,Activate,Platelet-Activating Factor,"[' Allergic Inflammation', 'Inflammation', 'nan']"
Mast,Fibroblast,Activate,TNFa,"[' Antiparasitic', ' Type 2', 'Inflammation', 'nan']"
Mast,Hematopoietic,Activate,IL3,['nan']
Mast,ILC2,Activate,IL25,"[' Antiparasitic', 'Type 2']"
Mast,ILC2,Activate,IL33,"[' Antiparasitic', ' Barrier immunity', ' Type 2', 'Antiparasitic', 'Type 2']"
Mast,Macrophage,Activate,CCL3,"[' Type 1', 'Antiviral', 'nan']"
Mast,Macrophage,Activate,IL13,"[' Antiparasitic', ' Tissue remodeling', 'Type 2']"
Mast,Macrophage,Activate,IL4,"[' Allergic Inflammation', ' Antibody production', ' Antiparasitic', ' Class switching', ' Inflammation', ' Tissue remodeling', ' Type 2', 'Antiparasitic', 'Type 2']"
Mast,Macrophage,Activate,TNFa,"[' Anti-IC bacteria', ' Antiparasitic', ' Antiviral', ' Inflammation', ' Type 2', 'Inflammation', 'Type 1']"
Mast,Macrophage,Inhibit,IL10,"[' Anti-inflammatory', ' Immunosuppression', 'Chronic antigen stimulation', 'Immunosuppression']"
Mast,Macrophage,Inhibit,IL13,"['Inflammation', 'Type 2']"
Mast,Macrophage,Survive,TNFa,"[' Anti-IC bacteria', ' Antiparasitic', ' Type 2', 'Inflammation', 'Type 1']"
Mast,Mast,Activate,GMCSF,"['Inflammation', 'nan']"
Mast,Mast,Activate,IL10,"['Immunosuppression', 'nan']"
Mast,Mast,Activate,IL25,"['Antiparasitic', 'Type 2']"
Mast,Mast,Activate,IL3,"[' Inflammation', 'Antiparasitic', 'nan']"
Mast,Mast,Activate,IL33,"[' Type 2', 'Antiparasitic']"
Mast,Mast,Activate,IL4,"[' Allergic Inflammation', ' Antibody production', ' Class switching', ' Inflammation', ' Type 2', 'Antiparasitic']"
Mast,Mast,Activate,IL5,"['Inflammation', 'Type 2']"
Mast,Neutrophil,Activate,Platelet-Activating Factor,"[' Allergic Inflammation', 'Inflammation', 'nan']"
Mast,Platelet,Activate,Platelet-Activating Factor,"[' Allergic Inflammation', 'Inflammation', 'nan']"
Mast,Somatic,Activate,Histamine,"[' Allergic Inflammation', ' Antiparasitic', ' Barrier immunity', ' Type 2', ' Vascular permeability increase', 'Inflammation', 'Vascular permeability increase']"
Mast,T_CD4,Inhibit,IL10,['Immunosuppression']
Mast,T_reg,Survive,IL10,"['Immunosuppression', 'Tolerance']"
Mast,Th1,Activate,Histamine,"[' Allergic Inflammation', ' Antiparasitic', ' Barrier immunity', ' Type 2', ' Vascular permeability increase', 'Inflammation', 'nan']"
Mast,Th2,Activate,IL13,"['Type 2', 'nan']"
Mast,Th2,Activate,IL25,"['Type 2', 'nan']"
Mast,Th2,Activate,IL33,"[' Type 2', 'Antiparasitic']"
Mast,Th2,Activate,IL4,"[' Allergic Inflammation', ' Antibody production', ' Class switching', ' Inflammation', ' Type 2', 'Antiparasitic', 'nan']"
Monocyte,B,Activate,IL6,"[' Antibody production', 'Class switching', 'nan']"
Monocyte,B,Survive,IL6,"['Antibody production', 'nan']"
Monocyte,Basophil,Activate,CCL2,"[' Type 2', 'Inflammation', 'nan']"
Monocyte,DC,Activate,TNFa,"['Antigen presentation', 'nan']"
Monocyte,DC,Inhibit,IL37,['nan']
Monocyte,Eosinophil,Activate,TGFb,"[' Class switching', 'Immunosuppression', 'nan']"
Monocyte,Fibroblast,Activate,CXCL1,"[' Angiogenesis', ' Fibroplasia', 'Inflammation']"
Monocyte,Fibroblast,Activate,CXCL2,"[' Angiogenesis', ' Fibroplasia', 'Inflammation']"
Monocyte,Fibroblast,Activate,CXCL3,"[' Angiogenesis', ' Fibroplasia', 'Inflammation']"
Monocyte,Fibroblast,Activate,IL6,['nan']
Monocyte,Fibroblast,Activate,TNFa,['nan']
Monocyte,IEL,Activate,IL1,"['Cytotoxicity', 'nan']"
Monocyte,ILC3,Activate,IL1,['nan']
Monocyte,Macrophage,Activate,CCL2,"[' Type 2', 'Inflammation', 'nan']"
Monocyte,Macrophage,Activate,CCL3,"[' Type 1', 'Antiviral', 'nan']"
Monocyte,Macrophage,Activate,CCL4,"['Antiviral', 'nan']"
Monocyte,Macrophage,Activate,CXCL8,"[' Angiogenesis', 'Inflammation']"
Monocyte,Macrophage,Activate,IL1,"[' Inflammation', 'Antibacterial', 'nan']"
Monocyte,Macrophage,Activate,IL6,"['Antibacterial', 'nan']"
Monocyte,Macrophage,Activate,TNFa,"[' Anti-IC bacteria', ' Antiviral', ' Inflammation', 'Type 1', 'nan']"
Monocyte,Macrophage,Inhibit,TGFb,"[' Class switching', 'Immunosuppression', 'nan']"
Monocyte,Macrophage,Survive,TNFa,"[' Anti-IC bacteria', 'Type 1', 'nan']"
Monocyte,Monocyte,Activate,CCL2,"[' Type 2', 'Inflammation']"
Monocyte,Monocyte,Activate,IL19,['nan']
Monocyte,Monocyte,Inhibit,IL37,['nan']
Monocyte,Neutrophil,Activate,CXCL1,"[' Angiogenesis', ' Fibroplasia', 'Inflammation']"
Monocyte,Neutrophil,Activate,CXCL2,"[' Angiogenesis', ' Fibroplasia', 'Inflammation']"
Monocyte,Neutrophil,Activate,CXCL3,"[' Angiogenesis', ' Fibroplasia', 'Inflammation']"
Monocyte,Neutrophil,Activate,CXCL8,"[' Angiogenesis', ' Antibacterial', ' Complement', 'Inflammation']"
Monocyte,Neutrophil,Activate,IL1,"['Antibacterial', 'nan']"
Monocyte,Neutrophil,Activate,TGFb,"[' Class switching', 'Immunosuppression', 'nan']"
Monocyte,T_CD4,Inhibit,IL27,"['Immunosuppression', 'nan']"
Monocyte,T_CD4,Inhibit,IL35,"['Immunosuppression', 'Inflammation']"
Monocyte,T_CD4,Inhibit,TGFb,"[' Class switching', 'Immunosuppression']"
Monocyte,T_CD8_memory,Activate,TGFb,"[' Class switching', 'Immunosuppression', 'nan']"
Monocyte,T_reg,Activate,TGFb,"[' Class switching', 'Immunosuppression']"
Monocyte,T_reg,Inhibit,IL1,['nan']
Monocyte,T_reg,Inhibit,IL6,['nan']
Monocyte,Th1,Inhibit,TGFb,"[' Class switching', 'Immunosuppression']"
Monocyte,Th17,Activate,IL1,['nan']
Monocyte,Th17,Survive,IL1,['nan']
Monocyte,Th17,Survive,IL6,['nan']
Monocyte,Th2,Inhibit,TGFb,"[' Class switching', 'Immunosuppression']"
Monocyte,pDC,Activate,IL6,"[' Antigen presentation', ' Antiviral', 'Antibacterial', 'nan']"
NK,Basophil,Activate,CCL5,"['Inflammation', 'nan']"
NK,Basophil,Activate,GMCSF,"['Inflammation', 'nan']"
NK,DC,Activate,IFNg,"[' Anti-IC bacteria', ' Antibacterial', ' Antigen presentation', ' Class switching', ' Type 1', 'Antigen presentation', 'Antiviral']"
NK,DC,Activate,TNFa,"['Antigen presentation', 'Inflammation']"
NK,Eosinophil,Activate,CCL5,['nan']
NK,Eosinophil,Activate,GMCSF,"[' Inflammation', 'Allergic Inflammation', 'nan']"
NK,Fibroblast,Activate,IL17A,"[' Antifungal', ' Antimicrobial', ' Inflammation', 'Anti-EC bacteria', 'Inflammation']"
NK,Fibroblast,Activate,IL17F,['Inflammation']
NK,Fibroblast,Activate,TNFa,"['Inflammation', 'nan']"
NK,Macrophage,Activate,CCL3,['nan']
NK,Macrophage,Activate,CCL4,['nan']
NK,Macrophage,Activate,CCL5,['nan']
NK,Macrophage,Activate,IFNg,"[' Anti-IC bacteria', ' Antibacterial', ' Antigen presentation', ' Antiparasitic', ' Antiviral', ' Class switching', ' Inflammation', ' Licensing', ' Type 1', 'Antibacterial', 'Antiviral']"
NK,Macrophage,Activate,TNFa,"[' Anti-IC bacteria', ' Antiviral', ' Inflammation', 'Inflammation', 'Type 1']"
NK,Macrophage,Survive,TNFa,"[' Anti-IC bacteria', 'Inflammation', 'Type 1']"
NK,Mast,Activate,GMCSF,"['Inflammation', 'nan']"
NK,NK,Activate,IFNg,"[' Anti-IC bacteria', ' Antibacterial', ' Antigen presentation', ' Class switching', ' Type 1', 'Antiviral', 'nan']"
NK,Somatic,Activate,IL17A,"[' Anti-EC bacteria', ' Antifungal', ' Antimicrobial', ' Inflammation', 'Inflammation', 'Type 3']"
NK,T_reg,Activate,IFNg,"[' Anti-IC bacteria', ' Antibacterial', ' Antigen presentation', ' Class switching', ' Type 1', 'Antiviral', 'Immunosuppression']"
NK,Th2,Inhibit,IFNg,"[' Anti-IC bacteria', ' Antibacterial', ' Antigen presentation', ' Class switching', ' Type 1', 'Antiviral', 'nan']"
Neutrophil,DC,Activate,IFNg,"[' Antigen presentation', ' Class switching', 'Antigen presentation', 'Type 1']"
Neutrophil,Eosinophil,Activate,Platelet-Activating Factor,"['Inflammation', 'nan']"
Neutrophil,Fibroblast,Activate,IL17A,"[' Antifungal', ' Antimicrobial', ' Inflammation', 'Anti-EC bacteria', 'Inflammation']"
Neutrophil,Fibroblast,Activate,IL17F,['Inflammation']
Neutrophil,Macrophage,Activate,CCL4,"['Antiviral', 'nan']"
Neutrophil,Macrophage,Activate,IFNg,"[' Anti-IC bacteria', ' Antigen presentation', ' Antiparasitic', ' Antiviral', ' Class switching', ' Inflammation', ' Licensing', ' Type 1', 'Antibacterial', 'Type 1']"
Neutrophil,NK,Activate,IFNg,"[' Antigen presentation', ' Class switching', 'Type 1', 'nan']"
Neutrophil,Neutrophil,Activate,Platelet-Activating Factor,"['Inflammation', 'nan']"
Neutrophil,Platelet,Activate,Platelet-Activating Factor,"['Inflammation', 'nan']"
Neutrophil,Somatic,Activate,IL17A,"[' Anti-EC bacteria', ' Antifungal', ' Antimicrobial', ' Inflammation', 'Inflammation', 'Type 3']"
Neutrophil,T_reg,Activate,IFNg,"[' Antigen presentation', ' Class switching', 'Immunosuppression', 'Type 1']"
Neutrophil,Th2,Inhibit,IFNg,"[' Antigen presentation', ' Class switching', 'Type 1', 'nan']"
Platelet,Basophil,Activate,CCL5,['Inflammation']
Platelet,Eosinophil,Activate,CCL5,"['Inflammation', 'nan']"
Platelet,Macrophage,Activate,CCL5,"['Inflammation', 'nan']"
Platelet,Neutrophil,Activate,CXCL7,"[' Angiogenesis', 'Inflammation']"
Somatic,B,Activate,BAFF,"[' Class switching', 'T independent B activation/IgA production', 'nan']"
Somatic,B,Survive,BAFF,"['Class switching', 'nan']"
Somatic,DC,Activate,CCL19,"['Antigen presentation', 'nan']"
Somatic,DC,Activate,CCL21,"['Antigen presentation', 'LN development']"
Somatic,DC,Activate,TSLP,"['Antiparasitic', 'Tolerance']"
Somatic,Fibroblast,Activate,CXCL2,"[' Antifungal', ' Fibroplasia', 'Anti-EC bacteria', 'Inflammation']"
Somatic,ILC2,Activate,TSLP,"[' Barrier immunity', ' Type 2', 'Antiparasitic', 'Tolerance']"
Somatic,Macrophage,Activate,CXCL8,"[' Antifungal', 'Anti-EC bacteria', 'Inflammation']"
Somatic,Neutrophil,Activate,CXCL2,"[' Antifungal', 'Anti-EC bacteria', 'Inflammation']"
Somatic,Neutrophil,Activate,CXCL8,"[' Antibacterial', ' Antifungal', ' Complement', 'Anti-EC bacteria', 'Inflammation']"
Somatic,Th2,Activate,TSLP,"['Tolerance', 'nan']"
T_CD4,B,Activate,IL2,['nan']
T_CD4,NK,Activate,IL2,['nan']
T_CD4,T_CD4,Activate,IL2,['nan']
T_CD4,T_CD4,Survive,IL2,['nan']
T_CD4,T_CD8,Activate,IL2,"[' Anti-IC bacteria', 'Type 1', 'nan']"
T_CD4,T_CD8,Survive,IL2,"['CD4:CD8 Crosstalk', 'nan']"
T_CD4,T_reg,Activate,IL2,"['Immunosuppression', 'nan']"
T_CD4,T_reg,Survive,IL2,['nan']
T_CD8,B,Activate,IL2,"['CD4:CD8 Crosstalk', 'nan']"
T_CD8,DC,Activate,IFNg,"[' Anti-IC bacteria', ' Antibacterial', ' Antiviral', ' Licensing', 'Antigen presentation', 'Type 1']"
T_CD8,Macrophage,Activate,IFNg,"[' Anti-IC bacteria', ' Antibacterial', ' Antigen presentation', ' Antiparasitic', ' Antiviral', ' Inflammation', ' Licensing', ' Type 1', 'Antibacterial', 'Type 1']"
T_CD8,NK,Activate,IFNg,"[' Anti-IC bacteria', ' Antibacterial', ' Antiviral', ' Licensing', 'Type 1', 'nan']"
T_CD8,NK,Activate,IL2,"['CD4:CD8 Crosstalk', 'nan']"
T_CD8,T_CD4,Activate,IL2,"['CD4:CD8 Crosstalk', 'nan']"
T_CD8,T_CD4,Survive,IL2,"['CD4:CD8 Crosstalk', 'nan']"
T_CD8,T_CD8,Activate,IL2,"[' Anti-IC bacteria', 'CD4:CD8 Crosstalk', 'Type 1']"
T_CD8,T_CD8,Survive,IL2,['CD4:CD8 Crosstalk']
T_CD8,T_reg,Activate,IFNg,"[' Anti-IC bacteria', ' Antibacterial', ' Antiviral', ' Licensing', 'Immunosuppression', 'Type 1']"
T_CD8,T_reg,Activate,IL2,"['CD4:CD8 Crosstalk', 'Immunosuppression']"
T_CD8,T_reg,Survive,IL2,"['CD4:CD8 Crosstalk', 'nan']"
T_CD8,Th2,Inhibit,IFNg,"[' Anti-IC bacteria', ' Antibacterial', ' Antiviral', ' Licensing', 'Type 1', 'nan']"
T_Cytotoxic,B,Activate,IL10,"['Class switching', 'nan']"
T_Cytotoxic,B,Inhibit,LTa,"['Cytotoxicity', 'nan']"
T_Cytotoxic,Basophil,Activate,GMCSF,"['Inflammation', 'nan']"
T_Cytotoxic,Basophil,Activate,IL3,"['Inflammation', 'nan']"
T_Cytotoxic,DC,Activate,IFNg,"[' Antiviral', 'Antigen presentation', 'Cytotoxicity']"
T_Cytotoxic,DC,Activate,TNFa,"['Antigen presentation', 'Cytotoxicity']"
T_Cytotoxic,DC,Inhibit,IL10,"[' Immunosuppression', 'Chronic antigen stimulation', 'nan']"
T_Cytotoxic,Eosinophil,Activate,GMCSF,"[' Inflammation', 'Allergic Inflammation', 'nan']"
T_Cytotoxic,Eosinophil,Activate,IL3,"[' Inflammation', 'Allergic Inflammation', 'nan']"
T_Cytotoxic,Fibroblast,Activate,TNFa,"['Cytotoxicity', 'nan']"
T_Cytotoxic,Fibroblast,Kill,LTa,"['Cytotoxicity', 'nan']"
T_Cytotoxic,Hematopoietic,Activate,IL3,['nan']
T_Cytotoxic,Macrophage,Activate,IFNg,"[' Anti-IC bacteria', ' Antigen presentation', ' Antiparasitic', ' Antiviral', ' Inflammation', ' Licensing', ' Type 1', 'Antibacterial', 'Cytotoxicity']"
T_Cytotoxic,Macrophage,Activate,LTa,"[' Anti-IC bacteria', ' Antiviral', 'Cytotoxicity', 'Type 1']"
T_Cytotoxic,Macrophage,Activate,TNFa,"[' Anti-IC bacteria', ' Antiviral', ' Inflammation', 'Cytotoxicity', 'Type 1']"
T_Cytotoxic,Macrophage,Inhibit,IL10,"[' Anti-inflammatory', ' Immunosuppression', 'Chronic antigen stimulation', 'nan']"
T_Cytotoxic,Macrophage,Survive,TNFa,"[' Anti-IC bacteria', 'Cytotoxicity', 'Type 1']"
T_Cytotoxic,Mast,Activate,GMCSF,"['Inflammation', 'nan']"
T_Cytotoxic,Mast,Activate,IL10,['nan']
T_Cytotoxic,Mast,Activate,IL3,"[' Inflammation', 'Antiparasitic', 'nan']"
T_Cytotoxic,NK,Activate,IFNg,"[' Antiviral', 'Cytotoxicity', 'nan']"
T_Cytotoxic,Neutrophil,Activate,LTa,"['Cytotoxicity', 'nan']"
T_Cytotoxic,T_CD4,Inhibit,IL10,"['Immunosuppression', 'nan']"
T_Cytotoxic,T_reg,Activate,IFNg,"[' Antiviral', 'Cytotoxicity', 'Immunosuppression']"
T_Cytotoxic,T_reg,Survive,IL10,"['Tolerance', 'nan']"
T_Cytotoxic,Th2,Inhibit,IFNg,"[' Antiviral', 'Cytotoxicity', 'nan']"
T_gd,B,Activate,IL4,['nan']
T_gd,Basophil,Activate,IL4,"['Antiparasitic', 'nan']"
T_gd,DC,Activate,IFNg,"['Antigen presentation', 'Antimicrobial']"
T_gd,Fibroblast,Activate,IL17A,"[' Antifungal', ' Antimicrobial', ' Inflammation', 'Anti-EC bacteria', 'Inflammation']"
T_gd,Fibroblast,Activate,IL17F,['Inflammation']
T_gd,Macrophage,Activate,IFNg,"[' Anti-IC bacteria', ' Antigen presentation', ' Antiparasitic', ' Antiviral', ' Inflammation', ' Licensing', ' Type 1', 'Antibacterial', 'Antimicrobial']"
T_gd,Macrophage,Activate,IL4,"[' Antiparasitic', ' Tissue remodeling', 'Type 2', 'nan']"
T_gd,Mast,Activate,IL4,"['Antiparasitic', 'nan']"
T_gd,NK,Activate,IFNg,"['Antimicrobial', 'nan']"
T_gd,Somatic,Activate,IL17A,"[' Anti-EC bacteria', ' Antifungal', ' Antimicrobial', ' Inflammation', 'Inflammation', 'Type 3']"
T_gd,T_reg,Activate,IFNg,"['Antimicrobial', 'Immunosuppression']"
T_gd,Th2,Activate,IL4,['nan']
T_gd,Th2,Inhibit,IFNg,"['Antimicrobial', 'nan']"
T_reg,B,Activate,IL10,"[' Anti-inflammatory', ' Immunosuppression', ' Tolerance', 'Chronic antigen stimulation', 'Class switching']"
T_reg,DC,Inhibit,IL10,"[' Anti-inflammatory', ' Immunosuppression', ' Tolerance', 'Chronic antigen stimulation']"
T_reg,Eosinophil,Activate,TGFb,"[' Anti-inflammatory', ' Tolerance', 'Immunosuppression', 'nan']"
T_reg,Macrophage,Inhibit,IL10,"[' Anti-inflammatory', ' Immunosuppression', ' Tolerance', 'Chronic antigen stimulation']"
T_reg,Macrophage,Inhibit,TGFb,"[' Anti-inflammatory', ' Tolerance', 'Immunosuppression', 'nan']"
T_reg,Mast,Activate,IL10,"[' Anti-inflammatory', ' Immunosuppression', ' Tolerance', 'Chronic antigen stimulation', 'nan']"
T_reg,Neutrophil,Activate,TGFb,"[' Anti-inflammatory', ' Tolerance', 'Immunosuppression', 'nan']"
T_reg,T_CD4,Inhibit,IL10,"[' Anti-inflammatory', ' Immunosuppression', ' Tolerance', 'Chronic antigen stimulation', 'Immunosuppression']"
T_reg,T_CD4,Inhibit,IL35,['Immunosuppression']
T_reg,T_CD4,Inhibit,TGFb,"[' Anti-inflammatory', ' Tolerance', 'Immunosuppression']"
T_reg,T_CD8_memory,Activate,TGFb,"[' Anti-inflammatory', ' Tolerance', 'Immunosuppression', 'nan']"
T_reg,T_reg,Activate,TGFb,"[' Anti-inflammatory', ' Tolerance', 'Immunosuppression']"
T_reg,T_reg,Survive,IL10,"[' Anti-inflammatory', ' Immunosuppression', ' Tolerance', 'Chronic antigen stimulation', 'Tolerance']"
T_reg,Th1,Inhibit,TGFb,"[' Anti-inflammatory', ' Tolerance', 'Immunosuppression']"
T_reg,Th2,Inhibit,TGFb,"[' Anti-inflammatory', ' Tolerance', 'Immunosuppression']"
Tfh,B,Activate,IL21,"[' Antibody production', ' Class switching', 'Antibody production', 'Class switching']"
Tfh,B,Activate,IL4,"[' Antibody production', ' Antiparasitic', ' Type 2', 'Class switching', 'nan']"
Tfh,B,Activate,IL6,"[' Antibody production', 'Antibody production', 'Class switching']"
Tfh,B,Survive,IL21,"[' Class switching', 'Antibody production']"
Tfh,B,Survive,IL6,['Antibody production']
Tfh,Basophil,Activate,IL4,"[' Antibody production', ' Antiparasitic', ' Type 2', 'Antiparasitic', 'Class switching']"
Tfh,DC,Activate,IFNg,"[' Antibody production', ' Type 1', 'Antigen presentation', 'Class switching']"
Tfh,Eosinophil,Activate,TGFb,"['Antibody production', 'nan']"
Tfh,Fibroblast,Activate,IL17A,"[' Antifungal', ' Class switching', ' Inflammation', 'Anti-EC bacteria', 'Type 3']"
Tfh,Fibroblast,Activate,IL6,"['Antibody production', 'nan']"
Tfh,Macrophage,Activate,IFNg,"[' Anti-IC bacteria', ' Antibody production', ' Antigen presentation', ' Antiparasitic', ' Antiviral', ' Inflammation', ' Licensing', ' Type 1', 'Antibacterial', 'Class switching']"
Tfh,Macrophage,Activate,IL4,"[' Antibody production', ' Antiparasitic', ' Tissue remodeling', ' Type 2', 'Class switching', 'Type 2']"
Tfh,Macrophage,Activate,IL6,"['Antibacterial', 'Antibody production']"
Tfh,Macrophage,Inhibit,TGFb,"['Antibody production', 'nan']"
Tfh,Mast,Activate,IL4,"[' Antibody production', ' Antiparasitic', ' Type 2', 'Antiparasitic', 'Class switching']"
Tfh,NK,Activate,IFNg,"[' Antibody production', ' Type 1', 'Class switching', 'nan']"
Tfh,NK,Activate,IL21,"[' Class switching', 'Antibody production', 'nan']"
Tfh,Neutrophil,Activate,TGFb,"['Antibody production', 'nan']"
Tfh,Somatic,Activate,IL17A,"[' Anti-EC bacteria', ' Antifungal', ' Class switching', ' Inflammation', 'Type 3']"
Tfh,T_CD4,Inhibit,TGFb,"['Antibody production', 'Immunosuppression']"
Tfh,T_CD8_memory,Activate,TGFb,"['Antibody production', 'nan']"
Tfh,T_reg,Activate,IFNg,"[' Antibody production', ' Type 1', 'Class switching', 'Immunosuppression']"
Tfh,T_reg,Activate,TGFb,"['Antibody production', 'Immunosuppression']"
Tfh,T_reg,Inhibit,IL6,"['Antibody production', 'nan']"
Tfh,Tfh,Activate,IL21,"[' Class switching', 'Antibody production']"
Tfh,Th1,Inhibit,TGFb,"['Antibody production', 'Immunosuppression']"
Tfh,Th17,Survive,IL6,"['Antibody production', 'nan']"
Tfh,Th2,Activate,IL4,"[' Antibody production', ' Antiparasitic', ' Type 2', 'Class switching', 'nan']"
Tfh,Th2,Inhibit,IFNg,"[' Antibody production', ' Type 1', 'Class switching', 'nan']"
Tfh,Th2,Inhibit,TGFb,"['Antibody production', 'Immunosuppression']"
Tfh,pDC,Activate,IL6,"[' Antigen presentation', ' Antiviral', 'Antibacterial', 'Antibody production']"
Th1,B,Activate,IL10,"['Chronic antigen stimulation', 'Class switching']"
Th1,B,Activate,IL2,"[' Anti-IC bacteria', 'Type 1', 'nan']"
Th1,B,Inhibit,LTa,"[' Anti-IC bacteria', ' Inflammation', ' Vascular permeability increase', 'Type 1', 'nan']"
Th1,Basophil,Activate,CCL2,"[' Anti-IC bacteria', ' Chemotaxis', 'Type 1', 'nan']"
Th1,Basophil,Activate,GMCSF,"[' Anti-IC bacteria', ' Inflammation', 'Inflammation', 'Type 1']"
Th1,Basophil,Activate,IL3,"[' Anti-IC bacteria', ' Inflammation', 'Inflammation', 'Type 1']"
Th1,DC,Activate,IFNg,"[' Anti-IC bacteria', ' Antimicrobial', ' Inflammation', ' Type 1', 'Antibacterial', 'Antigen presentation']"
Th1,DC,Activate,TNFa,"[' Anti-IC bacteria', ' Inflammation', ' Vascular permeability increase', 'Antigen presentation', 'Type 1']"
Th1,DC,Inhibit,IL10,"[' Immunosuppression', 'Chronic antigen stimulation']"
Th1,Eosinophil,Activate,GMCSF,"[' Anti-IC bacteria', ' Inflammation', 'Allergic Inflammation', 'Type 1']"
Th1,Eosinophil,Activate,IL3,"[' Anti-IC bacteria', ' Inflammation', 'Allergic Inflammation', 'Type 1']"
Th1,Fibroblast,Activate,CXCL2,"[' Fibroplasia', 'Inflammation', 'nan']"
Th1,Fibroblast,Activate,TNFa,"[' Anti-IC bacteria', ' Inflammation', ' Vascular permeability increase', 'Type 1', 'nan']"
Th1,Fibroblast,Kill,LTa,"[' Anti-IC bacteria', ' Inflammation', ' Vascular permeability increase', 'Type 1', 'nan']"
Th1,Hematopoietic,Activate,IL3,"[' Anti-IC bacteria', ' Inflammation', 'Type 1', 'nan']"
Th1,Macrophage,Activate,CCL2,"[' Anti-IC bacteria', ' Chemotaxis', 'Type 1', 'nan']"
Th1,Macrophage,Activate,IFNg,"[' Anti-IC bacteria', ' Antigen presentation', ' Antimicrobial', ' Antiparasitic', ' Antiviral', ' Inflammation', ' Licensing', ' Type 1', 'Antibacterial']"
Th1,Macrophage,Activate,LTa,"[' Anti-IC bacteria', ' Antiviral', ' Inflammation', ' Vascular permeability increase', 'Type 1']"
Th1,Macrophage,Activate,TNFa,"[' Anti-IC bacteria', ' Antiviral', ' Inflammation', ' Vascular permeability increase', 'Type 1']"
Th1,Macrophage,Inhibit,IL10,"[' Anti-inflammatory', ' Immunosuppression', 'Chronic antigen stimulation']"
Th1,Macrophage,Survive,TNFa,"[' Anti-IC bacteria', ' Inflammation', ' Vascular permeability increase', 'Type 1']"
Th1,Mast,Activate,GMCSF,"[' Anti-IC bacteria', ' Inflammation', 'Inflammation', 'Type 1']"
Th1,Mast,Activate,IL10,"['Chronic antigen stimulation', 'nan']"
Th1,Mast,Activate,IL3,"[' Anti-IC bacteria', ' Inflammation', 'Antiparasitic', 'Type 1']"
Th1,Monocyte,Activate,CCL2,"[' Anti-IC bacteria', ' Chemotaxis', 'Inflammation', 'Type 1']"
Th1,NK,Activate,IFNg,"[' Anti-IC bacteria', ' Antimicrobial', ' Inflammation', ' Type 1', 'Antibacterial', 'nan']"
Th1,NK,Activate,IL2,"[' Anti-IC bacteria', 'Type 1', 'nan']"
Th1,Neutrophil,Activate,CXCL2,"['Inflammation', 'nan']"
Th1,Neutrophil,Activate,LTa,"[' Anti-IC bacteria', ' Inflammation', ' Vascular permeability increase', 'Type 1', 'nan']"
Th1,T_CD4,Activate,IL2,"[' Anti-IC bacteria', 'Type 1', 'nan']"
Th1,T_CD4,Inhibit,IL10,"['Chronic antigen stimulation', 'Immunosuppression']"
Th1,T_CD4,Survive,IL2,"[' Anti-IC bacteria', 'Type 1', 'nan']"
Th1,T_CD8,Activate,IL2,"[' Anti-IC bacteria', 'Type 1']"
Th1,T_CD8,Survive,IL2,"[' Anti-IC bacteria', 'CD4:CD8 Crosstalk', 'Type 1']"
Th1,T_reg,Activate,IFNg,"[' Anti-IC bacteria', ' Antimicrobial', ' Inflammation', ' Type 1', 'Antibacterial', 'Immunosuppression']"
Th1,T_reg,Activate,IL2,"[' Anti-IC bacteria', 'Immunosuppression', 'Type 1']"
Th1,T_reg,Survive,IL10,"['Chronic antigen stimulation', 'Tolerance']"
Th1,T_reg,Survive,IL2,"[' Anti-IC bacteria', 'Type 1', 'nan']"
Th1,Th2,Inhibit,IFNg,"[' Anti-IC bacteria', ' Antimicrobial', ' Inflammation', ' Type 1', 'Antibacterial', 'nan']"
Th17,B,Activate,IL10,"['Chronic antigen stimulation', 'Class switching']"
Th17,B,Activate,IL21,"[' Antibody production', 'Class switching', 'nan']"
Th17,B,Survive,IL21,"['Antibody production', 'nan']"
Th17,Basophil,Activate,GMCSF,"['Inflammation', 'nan']"
Th17,Basophil,Activate,IL3,"['Inflammation', 'nan']"
Th17,DC,Activate,IFNg,"['Antigen presentation', 'nan']"
Th17,DC,Activate,TNFa,"['Antigen presentation', 'nan']"
Th17,DC,Inhibit,IL10,"[' Immunosuppression', 'Chronic antigen stimulation']"
Th17,Eosinophil,Activate,GMCSF,"[' Inflammation', 'Allergic Inflammation', 'nan']"
Th17,Eosinophil,Activate,IL3,"[' Inflammation', 'Allergic Inflammation', 'nan']"
Th17,Fibroblast,Activate,IL17A,"[' Antibody production', ' Antifungal', ' Antimicrobial', ' Barrier immunity', ' Inflammation', ' Type 3', 'Anti-EC bacteria']"
Th17,Fibroblast,Activate,IL17F,['Inflammation']
Th17,Fibroblast,Activate,TNFa,['nan']
Th17,Hematopoietic,Activate,IL3,['nan']
Th17,Macrophage,Activate,IFNg,"[' Anti-IC bacteria', ' Antigen presentation', ' Antiparasitic', ' Antiviral', ' Inflammation', ' Licensing', ' Type 1', 'Antibacterial', 'nan']"
Th17,Macrophage,Activate,TNFa,"[' Anti-IC bacteria', ' Antiviral', ' Inflammation', 'Type 1', 'nan']"
Th17,Macrophage,Inhibit,IL10,"[' Anti-inflammatory', ' Immunosuppression', 'Chronic antigen stimulation']"
Th17,Macrophage,Survive,TNFa,"[' Anti-IC bacteria', 'Type 1', 'nan']"
Th17,Mast,Activate,GMCSF,"['Inflammation', 'nan']"
Th17,Mast,Activate,IL10,"['Chronic antigen stimulation', 'nan']"
Th17,Mast,Activate,IL3,"[' Inflammation', 'Antiparasitic', 'nan']"
Th17,NK,Activate,IFNg,['nan']
Th17,NK,Activate,IL21,['nan']
Th17,Somatic,Activate,IL17A,"[' Anti-EC bacteria', ' Antibody production', ' Antifungal', ' Antimicrobial', ' Barrier immunity', ' Inflammation', ' Type 3', 'Anti-EC bacteria', 'Type 3']"
Th17,T_CD4,Inhibit,IL10,"['Chronic antigen stimulation', 'Immunosuppression']"
Th17,T_reg,Activate,IFNg,"['Immunosuppression', 'nan']"
Th17,T_reg,Survive,IL10,"['Chronic antigen stimulation', 'Tolerance']"
Th17,Tfh,Activate,IL21,"['Antibody production', 'nan']"
Th17,Th2,Inhibit,IFNg,['nan']
Th2,B,Activate,IL10,"['Chronic antigen stimulation', 'Class switching']"
Th2,B,Activate,IL21,"[' Antibody production', 'Antibody production', 'Class switching']"
Th2,B,Activate,IL4,"[' Allergic Inflammation', ' Antibody production', ' Type 2', 'Antiparasitic', 'nan']"
Th2,B,Activate,IL5,"[' Antibody production', ' Type 2', 'Antiparasitic', 'Class switching']"
Th2,B,Survive,IL21,['Antibody production']
Th2,Basophil,Activate,CCL11,"['Inflammation', 'nan']"
Th2,Basophil,Activate,GMCSF,"['Inflammation', 'nan']"
Th2,Basophil,Activate,IL13,"[' Allergic Inflammation', ' Antibody production', ' Antiparasitic', ' Barrier immunity', ' Barrier integrity', ' Type 2', 'Antiparasitic', 'Type 2']"
Th2,Basophil,Activate,IL3,"[' Type 2', 'Antiparasitic', 'Inflammation']"
Th2,Basophil,Activate,IL4,"[' Allergic Inflammation', ' Antibody production', ' Type 2', 'Antiparasitic']"
Th2,Basophil,Activate,IL5,"[' Antibody production', ' Antiparasitic', ' Inflammation', ' Type 2', 'Antiparasitic', 'Type 2']"
Th2,DC,Activate,IL13,"[' Allergic Inflammation', ' Antibody production', ' Barrier immunity', ' Barrier integrity', ' Type 2', 'Antiparasitic']"
Th2,DC,Activate,TNFa,"['Antigen presentation', 'nan']"
Th2,DC,Inhibit,IL10,"[' Immunosuppression', 'Chronic antigen stimulation']"
Th2,Eosinophil,Activate,GMCSF,"[' Inflammation', 'Allergic Inflammation', 'nan']"
Th2,Eosinophil,Activate,IL13,"[' Allergic Inflammation', ' Antibody production', ' Antiparasitic', ' Barrier immunity', ' Barrier integrity', ' Type 2', 'Antiparasitic', 'Type 2']"
Th2,Eosinophil,Activate,IL3,"[' Inflammation', ' Type 2', 'Allergic Inflammation', 'Antiparasitic']"
Th2,Eosinophil,Activate,IL5,"[' Antibody production', ' Antiparasitic', ' Inflammation', ' Type 2', 'Allergic Inflammation', 'Antiparasitic']"
Th2,Eosinophil,Activate,TGFb,['nan']
Th2,Fibroblast,Activate,TNFa,['nan']
Th2,Hematopoietic,Activate,IL3,"[' Type 2', 'Antiparasitic', 'nan']"
Th2,ILC2,Activate,IL25,"[' Antiparasitic', 'Type 2']"
Th2,ILC2,Activate,IL9,"[' Antiparasitic', ' Type 2', 'Antibody production', 'Type 2']"
Th2,Macrophage,Activate,IL13,"[' Allergic Inflammation', ' Antibody production', ' Antiparasitic', ' Barrier immunity', ' Barrier integrity', ' Tissue remodeling', ' Type 2', 'Antiparasitic', 'Type 2']"
Th2,Macrophage,Activate,IL4,"[' Allergic Inflammation', ' Antibody production', ' Antiparasitic', ' Tissue remodeling', ' Type 2', 'Antiparasitic', 'Type 2']"
Th2,Macrophage,Activate,TNFa,"[' Anti-IC bacteria', ' Antiviral', ' Inflammation', 'Type 1', 'nan']"
Th2,Macrophage,Inhibit,IL10,"[' Anti-inflammatory', ' Immunosuppression', 'Chronic antigen stimulation']"
Th2,Macrophage,Inhibit,IL13,"[' Allergic Inflammation', ' Antibody production', ' Barrier immunity', ' Barrier integrity', ' Type 2', 'Antiparasitic', 'Inflammation']"
Th2,Macrophage,Inhibit,TGFb,['nan']
Th2,Macrophage,Survive,TNFa,"[' Anti-IC bacteria', 'Type 1', 'nan']"
Th2,Mast,Activate,GMCSF,"['Inflammation', 'nan']"
Th2,Mast,Activate,IL10,"['Chronic antigen stimulation', 'nan']"
Th2,Mast,Activate,IL25,"['Antiparasitic', 'Type 2']"
Th2,Mast,Activate,IL3,"[' Inflammation', ' Type 2', 'Antiparasitic']"
Th2,Mast,Activate,IL4,"[' Allergic Inflammation', ' Antibody production', ' Type 2', 'Antiparasitic']"
Th2,Mast,Activate,IL5,"[' Antibody production', ' Type 2', 'Antiparasitic', 'Inflammation']"
Th2,Mast,Activate,IL9,"[' Antiparasitic', ' Type 2', 'Antibody production', 'Antiparasitic']"
Th2,NK,Activate,IL21,"['Antibody production', 'nan']"
Th2,Neutrophil,Activate,TGFb,['nan']
Th2,T_CD4,Inhibit,IL10,"['Chronic antigen stimulation', 'Immunosuppression']"
Th2,T_CD4,Inhibit,TGFb,"['Immunosuppression', 'nan']"
Th2,T_CD8_memory,Activate,TGFb,['nan']
Th2,T_reg,Activate,TGFb,"['Immunosuppression', 'nan']"
Th2,T_reg,Survive,IL10,"['Chronic antigen stimulation', 'Tolerance']"
Th2,Tfh,Activate,IL21,['Antibody production']
Th2,Th1,Inhibit,TGFb,"['Immunosuppression', 'nan']"
Th2,Th2,Activate,IL13,"[' Allergic Inflammation', ' Antibody production', ' Barrier immunity', ' Barrier integrity', ' Type 2', 'Antiparasitic', 'nan']"
Th2,Th2,Activate,IL25,"['Type 2', 'nan']"
Th2,Th2,Activate,IL31,['Inflammation']
Th2,Th2,Activate,IL4,"[' Allergic Inflammation', ' Antibody production', ' Type 2', 'Antiparasitic', 'nan']"
Th2,Th2,Activate,IL9,"[' Antiparasitic', ' Type 2', 'Antibody production', 'Type 2']"
Th2,Th2,Inhibit,TGFb,"['Immunosuppression', 'nan']"
pDC,B,Activate,IL6,"[' Antibody production', ' Antiviral', 'Antibacterial', 'Class switching']"
pDC,B,Survive,IL6,"[' Antiviral', 'Antibacterial', 'Antibody production']"
pDC,DC,Activate,IFNa,"[' Antibacterial', ' Antigen presentation', 'Antiviral', 'nan']"
pDC,Fibroblast,Activate,IL6,"[' Antiviral', 'Antibacterial', 'nan']"
pDC,ILC1,Activate,IL12,"[' Anti-IC bacteria', ' Antibacterial', ' Antiviral', ' Type 1', 'Antibacterial', 'Antiviral']"
pDC,ILC1,Activate,IL18,"[' Anti-IC bacteria', ' Antiviral', ' Type 1', 'Antibacterial', 'Antiviral']"
pDC,ILC3,Activate,IL12,"[' Antiviral', 'Antibacterial', 'Inflammation']"
pDC,Macrophage,Activate,IL6,"[' Antiviral', 'Antibacterial']"
pDC,Monocyte,Activate,IFNa,"[' Antibacterial', ' Antigen presentation', 'Antiviral', 'nan']"
pDC,NK,Activate,IFNa,"[' Antibacterial', ' Antigen presentation', ' Cytotoxicity', 'Antiviral']"
pDC,NK,Activate,IFNb,"[' Antibacterial', ' Cytotoxicity', 'Antiviral']"
pDC,NK,Activate,IL12,"[' Anti-IC bacteria', ' Antibacterial', ' Antiviral', ' Type 1', 'Antibacterial', 'Cytotoxicity']"
pDC,NK,Activate,IL18,"[' Antiviral', 'Antibacterial', 'Type 1']"
pDC,Neutrophil,Activate,IL18,"[' Antiviral', 'Antibacterial']"
pDC,T_CD8,Activate,IL12,"[' Antibacterial', ' Antiviral', 'Antibacterial', 'Licensing']"
pDC,T_CD8,Activate,IL18,"[' Antibacterial', ' Antiviral', 'Antibacterial', 'Licensing']"
pDC,T_reg,Inhibit,IL6,"[' Antiviral', 'Antibacterial', 'nan']"
pDC,Th1,Activate,IL12,"[' Anti-IC bacteria', ' Antibacterial', ' Antimicrobial', ' Antiviral', ' Inflammation', 'Antibacterial', 'Type 1']"
pDC,Th1,Activate,IL18,"[' Antiviral', 'Antibacterial', 'nan']"
pDC,Th17,Survive,IL6,"[' Antiviral', 'Antibacterial', 'nan']"
pDC,pDC,Activate,IFNa,"[' Antibacterial', ' Antigen presentation', ' Antiviral', 'Antibacterial', 'Antiviral']"
pDC,pDC,Activate,IFNb,"[' Antibacterial', ' Antigen presentation', ' Antiviral', 'Antibacterial', 'Antiviral']"
pDC,pDC,Activate,IL12,"[' Antigen presentation', ' Antiviral', 'Antibacterial']"
pDC,pDC,Activate,IL18,"[' Antigen presentation', ' Antiviral', 'Antibacterial']"
pDC,pDC,Activate,IL6,"[' Antigen presentation', ' Antiviral', 'Antibacterial']"
